﻿{"cameraMode":{"drawMode":0,"name":"Shaded","section":"Shading Mode"},"sceneLighting":true,"audioPlay":false,"sceneViewState":{"m_AlwaysRefresh":false,"showFog":true,"showSkybox":true,"showFlares":true,"showImageEffects":true,"showParticleSystems":true,"showVisualEffectGraphs":true,"m_FxEnabled":true},"in2DMode":false,"pivot":{"x":-7.2350921630859379,"y":1.1823561191558838,"z":2.489048719406128},"rotation":{"x":-0.2086036205291748,"y":0.4378344714641571,"z":-0.10520289838314057,"w":-0.8681690692901611},"size":118.16649627685547,"orthographic":false}